{"content":[{"id":"22b62c87","settings":{"structure":"20","background_background":"classic","background_color":"#F1F2F6","padding":{"unit":"px","top":"60","right":"0","bottom":"60","left":"0","isLinked":false},"content_width":{"unit":"px","size":1280,"sizes":[]},"gap":"no","padding_mobile":{"unit":"px","top":"25","right":"0","bottom":"25","left":"0","isLinked":false}},"elements":[{"id":"58d86360","settings":{"_column_size":50,"_inline_size":null,"padding_tablet":{"unit":"px","top":"0","right":"0","bottom":"0","left":"25","isLinked":false},"padding_mobile":{"unit":"px","top":"0","right":"20","bottom":"25","left":"20","isLinked":false}},"elements":[{"id":"2bd7069c","settings":{"image":{"url":"http:\/\/localhost\/procoderbd\/wp-content\/uploads\/2022\/06\/noodles.jpg","id":103,"alt":"","source":"library"},"_margin_mobile":{"unit":"px","top":"0","right":"0","bottom":"0","left":"0","isLinked":false},"_padding_mobile":{"unit":"px","top":"0","right":"0","bottom":"0","left":"0","isLinked":false}},"elements":[],"isInner":false,"widgetType":"image","elType":"widget"}],"isInner":false,"elType":"column"},{"id":"4527c807","settings":{"_column_size":50,"_inline_size":null,"content_position":"center","margin":{"unit":"px","top":"0","right":"0","bottom":"0","left":"0","isLinked":true},"padding":{"unit":"px","top":"0","right":"20","bottom":"0","left":"20","isLinked":false}},"elements":[{"id":"2ebd009b","settings":{"title":"Modern Italian","header_size":"h6","title_color":"#000000","typography_typography":"custom","typography_font_family":"Poppins","typography_font_size":{"unit":"px","size":25,"sizes":[]},"typography_font_weight":"400","typography_font_style":"normal","typography_line_height":{"unit":"em","size":1.5,"sizes":[]},"_margin":{"unit":"px","top":"0","right":"0","bottom":"-15","left":"0","isLinked":false},"typography_font_size_mobile":{"unit":"px","size":18,"sizes":[]},"_margin_mobile":{"unit":"px","top":"0","right":"0","bottom":"0","left":"0","isLinked":false}},"elements":[],"isInner":false,"widgetType":"heading","elType":"widget"},{"id":"25123fb8","settings":{"title":"Fresh Cuisine","title_color":"#000000","typography_typography":"custom","typography_font_family":"Poppins","typography_font_size":{"unit":"px","size":60,"sizes":[]},"typography_font_weight":"600","typography_text_transform":"uppercase","typography_font_style":"normal","typography_line_height":{"unit":"em","size":1.5,"sizes":[]},"text_stroke_text_stroke_type":"yes","_margin":{"unit":"px","top":"-20","right":"0","bottom":"0","left":"0","isLinked":false},"typography_font_size_tablet":{"unit":"px","size":40,"sizes":[]}},"elements":[],"isInner":false,"widgetType":"heading","elType":"widget"},{"id":"27d8e04c","settings":{"editor":"<p>Lorem ipsum dolor sit amet conse ctetur adipcing elit the stibulum sit aet purus letus tristique aliquam best donec amus lacus aroma pastol....<\/p>","text_color":"#000000","typography_typography":"custom","typography_font_family":"Poppins","typography_font_size":{"unit":"px","size":16,"sizes":[]},"typography_font_weight":"300","_margin":{"unit":"px","top":"-21","right":"0","bottom":"0","left":"0","isLinked":false}},"elements":[],"isInner":false,"widgetType":"text-editor","elType":"widget"},{"id":"5baac68a","settings":{"text":"Read More","size":"md","typography_typography":"custom","typography_font_family":"Poppins","typography_font_size":{"unit":"px","size":15,"sizes":[]},"typography_font_weight":"600","typography_text_transform":"uppercase","typography_font_style":"normal","typography_text_decoration":"none","button_text_color":"#FFFFFF","background_color":"#F8C291","hover_color":"#FFFFFF","button_background_hover_color":"#E58E26","border_radius":{"unit":"px","top":"0","right":"0","bottom":"0","left":"0","isLinked":true},"text_padding":{"unit":"px","top":"15","right":"30","bottom":"15","left":"30","isLinked":false},"_margin":{"unit":"px","top":"-17","right":"0","bottom":"0","left":"0","isLinked":false}},"elements":[],"isInner":false,"widgetType":"button","elType":"widget"}],"isInner":false,"elType":"column"}],"isInner":false,"elType":"section"},{"id":"148d294b","settings":{"content_width":{"unit":"px","size":1280,"sizes":[]},"gap":"no","structure":"20","_element_id":"about"},"elements":[{"id":"5171d6d0","settings":{"_column_size":50,"_inline_size":null,"content_position":"center","margin":{"unit":"px","top":"0","right":"0","bottom":"0","left":"0","isLinked":true},"padding":{"unit":"px","top":"0","right":"20","bottom":"0","left":"20","isLinked":false},"padding_mobile":{"unit":"px","top":"20","right":"20","bottom":"20","left":"20","isLinked":true}},"elements":[{"id":"8ce9b","settings":{"image":{"url":"http:\/\/localhost\/procoderbd\/wp-content\/uploads\/2022\/06\/about.jpg","id":126,"alt":"","source":"library"},"hide_desktop":"hidden-desktop","hide_tablet":"hidden-tablet"},"elements":[],"isInner":false,"widgetType":"image","elType":"widget"},{"id":"676e0859","settings":{"title":"The Story of","header_size":"h6","title_color":"#000000","typography_typography":"custom","typography_font_family":"Poppins","typography_font_size":{"unit":"px","size":25,"sizes":[]},"typography_font_weight":"400","typography_font_style":"normal","typography_line_height":{"unit":"em","size":1.5,"sizes":[]},"_margin":{"unit":"px","top":"0","right":"0","bottom":"-15","left":"0","isLinked":false}},"elements":[],"isInner":false,"widgetType":"heading","elType":"widget"},{"id":"2b7edfa3","settings":{"title":"Our Restaurant","title_color":"#000000","typography_typography":"custom","typography_font_family":"Poppins","typography_font_size":{"unit":"px","size":60,"sizes":[]},"typography_font_weight":"600","typography_text_transform":"uppercase","typography_font_style":"normal","typography_line_height":{"unit":"em","size":1.5,"sizes":[]},"text_stroke_text_stroke_type":"yes","_margin":{"unit":"px","top":"-20","right":"0","bottom":"0","left":"0","isLinked":false},"typography_font_size_tablet":{"unit":"px","size":35,"sizes":[]},"typography_font_size_mobile":{"unit":"px","size":30,"sizes":[]}},"elements":[],"isInner":false,"widgetType":"heading","elType":"widget"},{"id":"127d0714","settings":{"editor":"<p>Lorem ipsum dolor sit amet conse ctetur adipcing elit the stibulum sit aet purus letus tristique aliquam best donec amus lacus aroma pastol.....<\/p>","text_color":"#000000","typography_typography":"custom","typography_font_family":"Poppins","typography_font_size":{"unit":"px","size":16,"sizes":[]},"typography_font_weight":"300","_margin":{"unit":"px","top":"-21","right":"0","bottom":"0","left":"0","isLinked":false}},"elements":[],"isInner":false,"widgetType":"text-editor","elType":"widget"},{"id":"74a42b3c","settings":{"text":"Read More","size":"md","typography_typography":"custom","typography_font_family":"Poppins","typography_font_size":{"unit":"px","size":15,"sizes":[]},"typography_font_weight":"600","typography_text_transform":"uppercase","typography_font_style":"normal","typography_text_decoration":"none","button_text_color":"#FFFFFF","background_color":"#F8C291","hover_color":"#FFFFFF","button_background_hover_color":"#E58E26","border_radius":{"unit":"px","top":"0","right":"0","bottom":"0","left":"0","isLinked":true},"text_padding":{"unit":"px","top":"15","right":"30","bottom":"15","left":"30","isLinked":false},"_margin":{"unit":"px","top":"-17","right":"0","bottom":"0","left":"0","isLinked":false}},"elements":[],"isInner":false,"widgetType":"button","elType":"widget"}],"isInner":false,"elType":"column"},{"id":"6f65cf32","settings":{"_column_size":50,"_inline_size":null},"elements":[{"id":"d812ca4","settings":{"image":{"url":"http:\/\/localhost\/procoderbd\/wp-content\/uploads\/2022\/06\/about.jpg","id":126,"alt":"","source":"library"},"hide_mobile":"hidden-mobile"},"elements":[],"isInner":false,"widgetType":"image","elType":"widget"}],"isInner":false,"elType":"column"}],"isInner":false,"elType":"section"},{"id":"6ed27dfa","settings":{"content_width":{"unit":"px","size":1280,"sizes":[]},"structure":"30","margin":{"unit":"px","top":"60","right":0,"bottom":"60","left":0,"isLinked":true},"_element_id":"menu"},"elements":[{"id":"7f459838","settings":{"_column_size":33,"_inline_size":null,"border_radius":{"unit":"px","top":"20","right":"20","bottom":"20","left":"20","isLinked":true},"box_shadow_box_shadow_type":"yes","box_shadow_box_shadow":{"horizontal":0,"vertical":0,"blur":10,"spread":0,"color":"#D5D5D5"},"margin":{"unit":"px","top":"0","right":"10","bottom":"0","left":"0","isLinked":false},"padding":{"unit":"px","top":"35","right":"20","bottom":"35","left":"20","isLinked":false}},"elements":[{"id":"144ce5a8","settings":{"selected_icon":{"value":"fas fa-pizza-slice","library":"fa-solid"},"title_text":"Delicious Pastries ","description_text":"Lorem ipsum dolor sit amet, consectetur adipiscing elit. Ut elit tellus, luctus nec ullamcorper mattis, pulvinar dapibus leo.","primary_color":"#FA983A","icon_space":{"unit":"px","size":8,"sizes":[]},"icon_size":{"unit":"px","size":35,"sizes":[]},"title_bottom_space":{"unit":"px","size":6,"sizes":[]},"title_color":"#000000","title_typography_typography":"custom","title_typography_font_family":"Poppins","title_typography_font_size":{"unit":"px","size":20,"sizes":[]},"title_typography_font_weight":"600","title_typography_font_style":"normal","title_typography_line_height":{"unit":"em","size":1.5,"sizes":[]},"description_color":"#000000","description_typography_typography":"custom","description_typography_font_family":"Poppins","description_typography_font_size":{"unit":"px","size":14,"sizes":[]},"description_typography_font_weight":"300"},"elements":[],"isInner":false,"widgetType":"icon-box","elType":"widget"}],"isInner":false,"elType":"column"},{"id":"7df35f4f","settings":{"_column_size":33,"_inline_size":null,"border_radius":{"unit":"px","top":"20","right":"20","bottom":"20","left":"20","isLinked":true},"box_shadow_box_shadow_type":"yes","box_shadow_box_shadow":{"horizontal":0,"vertical":0,"blur":10,"spread":0,"color":"#D5D5D5"},"margin":{"unit":"px","top":"0","right":"10","bottom":"0","left":"10","isLinked":false},"padding":{"unit":"px","top":"35","right":"20","bottom":"35","left":"20","isLinked":false}},"elements":[{"id":"36caf011","settings":{"selected_icon":{"value":"fas fa-hamburger","library":"fa-solid"},"title_text":"Tasty Breakfasts ","description_text":"Lorem ipsum dolor sit amet, consectetur adipiscing elit. Ut elit tellus, luctus nec ullamcorper mattis, pulvinar dapibus leo.","primary_color":"#FA983A","icon_space":{"unit":"px","size":8,"sizes":[]},"icon_size":{"unit":"px","size":35,"sizes":[]},"title_bottom_space":{"unit":"px","size":6,"sizes":[]},"title_color":"#000000","title_typography_typography":"custom","title_typography_font_family":"Poppins","title_typography_font_size":{"unit":"px","size":20,"sizes":[]},"title_typography_font_weight":"600","title_typography_font_style":"normal","title_typography_line_height":{"unit":"em","size":1.5,"sizes":[]},"description_color":"#000000","description_typography_typography":"custom","description_typography_font_family":"Poppins","description_typography_font_size":{"unit":"px","size":14,"sizes":[]},"description_typography_font_weight":"300"},"elements":[],"isInner":false,"widgetType":"icon-box","elType":"widget"}],"isInner":false,"elType":"column"},{"id":"10b8e99b","settings":{"_column_size":33,"_inline_size":null,"border_radius":{"unit":"px","top":"20","right":"20","bottom":"20","left":"20","isLinked":true},"box_shadow_box_shadow_type":"yes","box_shadow_box_shadow":{"horizontal":0,"vertical":0,"blur":10,"spread":0,"color":"#D5D5D5"},"margin":{"unit":"px","top":"0","right":"0","bottom":"0","left":"10","isLinked":false},"padding":{"unit":"px","top":"35","right":"20","bottom":"35","left":"20","isLinked":false}},"elements":[{"id":"149f9cbd","settings":{"selected_icon":{"value":"far fa-sun","library":"fa-regular"},"title_text":"Natural Food ","description_text":"Lorem ipsum dolor sit amet, consectetur adipiscing elit. Ut elit tellus, luctus nec ullamcorper mattis, pulvinar dapibus leo.","primary_color":"#FA983A","icon_space":{"unit":"px","size":8,"sizes":[]},"icon_size":{"unit":"px","size":35,"sizes":[]},"title_bottom_space":{"unit":"px","size":6,"sizes":[]},"title_color":"#000000","title_typography_typography":"custom","title_typography_font_family":"Poppins","title_typography_font_size":{"unit":"px","size":20,"sizes":[]},"title_typography_font_weight":"600","title_typography_font_style":"normal","title_typography_line_height":{"unit":"em","size":1.5,"sizes":[]},"description_color":"#000000","description_typography_typography":"custom","description_typography_font_family":"Poppins","description_typography_font_size":{"unit":"px","size":14,"sizes":[]},"description_typography_font_weight":"300"},"elements":[],"isInner":false,"widgetType":"icon-box","elType":"widget"}],"isInner":false,"elType":"column"}],"isInner":false,"elType":"section"},{"id":"5485646","settings":{"content_width":{"unit":"px","size":1280,"sizes":[]},"structure":"40","margin":{"unit":"px","top":"60","right":0,"bottom":"60","left":0,"isLinked":true},"_element_id":"event"},"elements":[{"id":"37734fcd","settings":{"_column_size":25,"_inline_size":null},"elements":[{"id":"2ab50091","settings":{"image":{"url":"http:\/\/localhost\/procoderbd\/wp-content\/uploads\/2022\/06\/1.jpg","id":162,"alt":"","source":"library"},"title_text":"Salad","description_text":"Lorem ipsum dolor sit amet, consectetur adipiscing elit. Ut elit tellus,","image_size":{"unit":"%","size":100,"sizes":[]},"text_align":"left","title_bottom_space":{"unit":"px","size":5,"sizes":[]},"title_color":"#000000","title_typography_typography":"custom","title_typography_font_family":"Poppins","title_typography_font_size":{"unit":"px","size":20,"sizes":[]},"title_typography_font_weight":"600","title_typography_font_style":"normal","title_typography_line_height":{"unit":"em","size":1.5,"sizes":[]},"description_color":"#000000","description_typography_typography":"custom","description_typography_font_family":"Poppins","description_typography_font_size":{"unit":"px","size":14,"sizes":[]},"description_typography_font_weight":"300"},"elements":[],"isInner":false,"widgetType":"image-box","elType":"widget"}],"isInner":false,"elType":"column"},{"id":"45e683d7","settings":{"_column_size":25,"_inline_size":null},"elements":[{"id":"34d1a465","settings":{"image":{"url":"http:\/\/localhost\/procoderbd\/wp-content\/uploads\/2022\/06\/2-1.jpg","id":163,"alt":"","source":"library"},"title_text":"Pizza","description_text":"Lorem ipsum dolor sit amet, consectetur adipiscing elit. Ut elit tellus,","image_size":{"unit":"%","size":100,"sizes":[]},"text_align":"left","title_bottom_space":{"unit":"px","size":5,"sizes":[]},"title_color":"#000000","title_typography_typography":"custom","title_typography_font_family":"Poppins","title_typography_font_size":{"unit":"px","size":20,"sizes":[]},"title_typography_font_weight":"600","title_typography_font_style":"normal","title_typography_line_height":{"unit":"em","size":1.5,"sizes":[]},"description_color":"#000000","description_typography_typography":"custom","description_typography_font_family":"Poppins","description_typography_font_size":{"unit":"px","size":14,"sizes":[]},"description_typography_font_weight":"300"},"elements":[],"isInner":false,"widgetType":"image-box","elType":"widget"}],"isInner":false,"elType":"column"},{"id":"20161973","settings":{"_column_size":25,"_inline_size":null},"elements":[{"id":"8634169","settings":{"image":{"url":"http:\/\/localhost\/procoderbd\/wp-content\/uploads\/2022\/06\/3-1.jpg","id":164,"alt":"","source":"library"},"title_text":"Noodles","description_text":"Lorem ipsum dolor sit amet, consectetur adipiscing elit. Ut elit tellus,","image_size":{"unit":"%","size":100,"sizes":[]},"text_align":"left","title_bottom_space":{"unit":"px","size":5,"sizes":[]},"title_color":"#000000","title_typography_typography":"custom","title_typography_font_family":"Poppins","title_typography_font_size":{"unit":"px","size":20,"sizes":[]},"title_typography_font_weight":"600","title_typography_font_style":"normal","title_typography_line_height":{"unit":"em","size":1.5,"sizes":[]},"description_color":"#000000","description_typography_typography":"custom","description_typography_font_family":"Poppins","description_typography_font_size":{"unit":"px","size":14,"sizes":[]},"description_typography_font_weight":"300"},"elements":[],"isInner":false,"widgetType":"image-box","elType":"widget"}],"isInner":false,"elType":"column"},{"id":"1279d74f","settings":{"_column_size":25,"_inline_size":null},"elements":[{"id":"179bdde6","settings":{"image":{"url":"http:\/\/localhost\/procoderbd\/wp-content\/uploads\/2022\/06\/4-1.jpg","id":165,"alt":"","source":"library"},"title_text":"Dessert","description_text":"Lorem ipsum dolor sit amet, consectetur adipiscing elit. Ut elit tellus,","image_size":{"unit":"%","size":100,"sizes":[]},"text_align":"left","title_bottom_space":{"unit":"px","size":5,"sizes":[]},"title_color":"#000000","title_typography_typography":"custom","title_typography_font_family":"Poppins","title_typography_font_size":{"unit":"px","size":20,"sizes":[]},"title_typography_font_weight":"600","title_typography_font_style":"normal","title_typography_line_height":{"unit":"em","size":1.5,"sizes":[]},"description_color":"#000000","description_typography_typography":"custom","description_typography_font_family":"Poppins","description_typography_font_size":{"unit":"px","size":14,"sizes":[]},"description_typography_font_weight":"300"},"elements":[],"isInner":false,"widgetType":"image-box","elType":"widget"}],"isInner":false,"elType":"column"}],"isInner":false,"elType":"section"},{"id":"6910b6bd","settings":{"content_width":{"unit":"px","size":1280,"sizes":[]},"_element_id":"gallery"},"elements":[{"id":"6422a024","settings":{"_column_size":100,"_inline_size":null},"elements":[{"id":"7db14b89","settings":{"title":"We Believe","header_size":"h6","title_color":"#000000","typography_typography":"custom","typography_font_family":"Poppins","typography_font_size":{"unit":"px","size":25,"sizes":[]},"typography_font_weight":"400","typography_font_style":"normal","typography_line_height":{"unit":"em","size":1.5,"sizes":[]},"_margin":{"unit":"px","top":"0","right":"0","bottom":"-15","left":"0","isLinked":false},"align":"center"},"elements":[],"isInner":false,"widgetType":"heading","elType":"widget"},{"id":"604d1ecd","settings":{"title":"Food Is Important","title_color":"#000000","typography_typography":"custom","typography_font_family":"Poppins","typography_font_size":{"unit":"px","size":60,"sizes":[]},"typography_font_weight":"600","typography_text_transform":"uppercase","typography_font_style":"normal","typography_line_height":{"unit":"em","size":1.5,"sizes":[]},"text_stroke_text_stroke_type":"yes","_margin":{"unit":"px","top":"-20","right":"0","bottom":"0","left":"0","isLinked":false},"typography_font_size_tablet":{"unit":"px","size":35,"sizes":[]},"align":"center","typography_font_size_mobile":{"unit":"px","size":30,"sizes":[]}},"elements":[],"isInner":false,"widgetType":"heading","elType":"widget"},{"id":"5aa68133","settings":{"carousel":[{"id":165,"url":"http:\/\/localhost\/procoderbd\/wp-content\/uploads\/2022\/06\/4-1.jpg"},{"id":164,"url":"http:\/\/localhost\/procoderbd\/wp-content\/uploads\/2022\/06\/3-1.jpg"},{"id":163,"url":"http:\/\/localhost\/procoderbd\/wp-content\/uploads\/2022\/06\/2-1.jpg"},{"id":162,"url":"http:\/\/localhost\/procoderbd\/wp-content\/uploads\/2022\/06\/1.jpg"},{"id":160,"url":"http:\/\/localhost\/procoderbd\/wp-content\/uploads\/2022\/06\/pexels-daria-shevtsova-1260968-scaled.jpg"},{"id":159,"url":"http:\/\/localhost\/procoderbd\/wp-content\/uploads\/2022\/06\/pexels-campbell-downie-5317182-scaled.jpg"},{"id":158,"url":"http:\/\/localhost\/procoderbd\/wp-content\/uploads\/2022\/06\/pexels-polina-tankilevitch-4109996-scaled.jpg"},{"id":126,"url":"http:\/\/localhost\/procoderbd\/wp-content\/uploads\/2022\/06\/about.jpg"}],"thumbnail_size":"medium","slides_to_show":"4","image_stretch":"yes","navigation":"arrows","lazyload":"yes","arrows_size":{"unit":"px","size":20,"sizes":[]},"gallery_vertical_align":"center","image_spacing":"custom","_margin":{"unit":"px","top":"0","right":"0","bottom":"0","left":"0","isLinked":false}},"elements":[],"isInner":false,"widgetType":"image-carousel","elType":"widget"}],"isInner":false,"elType":"column"}],"isInner":false,"elType":"section"},{"id":"318e4e4b","settings":{"content_width":{"unit":"px","size":1280,"sizes":[]},"structure":"21","_element_id":"contact"},"elements":[{"id":"3a21ce5f","settings":{"_column_size":33,"_inline_size":37.239,"content_position":"center"},"elements":[{"id":"26756a38","settings":{"title":"Stay In Touch","header_size":"h6","title_color":"#000000","typography_typography":"custom","typography_font_family":"Poppins","typography_font_size":{"unit":"px","size":25,"sizes":[]},"typography_font_weight":"400","typography_font_style":"normal","typography_line_height":{"unit":"em","size":1.5,"sizes":[]},"_margin":{"unit":"px","top":"0","right":"0","bottom":"-15","left":"0","isLinked":false},"align":"left"},"elements":[],"isInner":false,"widgetType":"heading","elType":"widget"},{"id":"78283833","settings":{"title":"Contact Us","title_color":"#000000","typography_typography":"custom","typography_font_family":"Poppins","typography_font_size":{"unit":"px","size":60,"sizes":[]},"typography_font_weight":"600","typography_text_transform":"uppercase","typography_font_style":"normal","typography_line_height":{"unit":"em","size":1.5,"sizes":[]},"text_stroke_text_stroke_type":"yes","_margin":{"unit":"px","top":"-20","right":"0","bottom":"0","left":"0","isLinked":false},"typography_font_size_tablet":{"unit":"px","size":35,"sizes":[]},"align":"left","typography_font_size_mobile":{"unit":"px","size":30,"sizes":[]}},"elements":[],"isInner":false,"widgetType":"heading","elType":"widget"},{"id":"6db93c4a","settings":{"social_icon_list":[{"social_icon":{"value":"fab fa-facebook","library":"fa-brands"},"_id":"63837e1"},{"_id":"a6d7742","social_icon":{"value":"fab fa-instagram","library":"fa-brands"}},{"social_icon":{"value":"fab fa-twitter","library":"fa-brands"},"_id":"a2e5d40"},{"social_icon":{"value":"fab fa-youtube","library":"fa-brands"},"_id":"51c0af2"}],"shape":"circle","align":"left","icon_color":"custom","icon_primary_color":"#F8C291","icon_secondary_color":"#4F4F4F","icon_size":{"unit":"px","size":25,"sizes":[]},"icon_padding":{"unit":"em","size":0.6,"sizes":[]},"icon_spacing":{"unit":"px","size":11,"sizes":[]},"hover_primary_color":"#E58E26","hover_secondary_color":"#FFFFFF","hover_animation":"grow","_margin":{"unit":"px","top":"-10","right":"0","bottom":"0","left":"0","isLinked":false}},"elements":[],"isInner":false,"widgetType":"social-icons","elType":"widget"}],"isInner":false,"elType":"column"},{"id":"445494a2","settings":{"_column_size":66,"_inline_size":62.376},"elements":[{"id":"6acd491","settings":{"html":"<style>\n    #form input, #form textarea{\nborder:1px solid #ddd; padding:10px;width:100%;}\n#form span, #form label{display:block;}\n#form input[type=submit]{width:250px}\n<\/style>"},"elements":[],"isInner":false,"widgetType":"html","elType":"widget"},{"id":"4068ed3e","settings":{"shortcode":"[contact-form-7 id=\"181\" title=\"Contact form 1\"]","_element_id":"form"},"elements":[],"isInner":false,"widgetType":"shortcode","elType":"widget"}],"isInner":false,"elType":"column"}],"isInner":false,"elType":"section"}],"page_settings":[],"version":"0.4","title":"resturent","type":"page"}